customer_id,customer_name,email,region,signup_date
1,Allison Hill,donaldgarcia@example.net,North,2024-05-28
2,Angie Henderson,davisjesse@example.net,South,2024-08-04
3,Cristian Santos,lrobinson@example.com,West,2024-05-15
4,Abigail Shaffer,jpeterson@example.org,North,2024-07-29
5,Gabrielle Davis,howardmaurice@example.com,South,2024-11-01
6,Monica Herrera,smiller@example.net,North,2024-08-21
7,Shannon Ray,williamsjeremy@example.com,West,2024-06-21
8,Dr. Sharon James,xreid@example.org,South,2024-06-19
9,Daniel Adams,lynchgeorge@example.net,North,2024-09-20
10,Joel Nelson,gabriellecameron@example.org,East,2024-09-24
11,Andrew Stewart,carl95@example.org,North,2024-11-22
12,Jennifer Rocha,ithomas@example.org,North,2024-10-11
13,Kimberly Burgess,zhurst@example.com,South,2024-10-03
14,Zachary Hicks,camposmichelle@example.org,South,2024-04-24
15,Rebecca Henderson,cruzcaitlin@example.com,South,2024-05-11
16,Tricia Valencia,frazierdanny@example.net,East,2024-10-12
17,Patricia Peterson,ryan70@example.net,South,2024-10-04
18,Deborah Mason,williamrodriguez@example.net,East,2024-07-17
19,Mark Lynch,nathanielmartin@example.net,South,2024-05-07
20,Linda Burns,hickmannatasha@example.com,South,2024-08-04
21,David Bradley,millertodd@example.org,South,2024-08-17
22,Kim Martinez,karroyo@example.com,South,2024-04-29
23,Lisa Brandt,jenniferross@example.net,West,2024-09-09
24,Jessica Holmes,wrightcaleb@example.org,East,2024-07-18
25,Crystal Robinson,zimmermanbrian@example.org,West,2024-12-12
26,Shannon Jones,joshuawashington@example.net,South,2024-11-21
27,Timothy Duncan,esanchez@example.com,East,2024-08-05
28,Brent Jordan,ujenkins@example.org,West,2024-11-06
29,Victoria Garcia,zchandler@example.org,West,2024-06-10
30,Connor West,dwhite@example.org,South,2024-05-27
31,Angela Morton,williamsyvette@example.org,North,2024-11-03
32,Tammy Allison,richardolson@example.com,East,2024-11-26
33,Carmen Smith,ybaker@example.com,North,2024-04-06
34,Michael Cross,smoore@example.org,East,2024-08-15
35,Lauren Daniels,brian97@example.net,North,2024-11-19
36,Kim Brown,yorkcasey@example.org,South,2024-08-13
37,Cynthia Wilson,bethwilliams@example.org,East,2024-05-25
38,Kevin Mills,james53@example.com,South,2024-12-16
39,Michael Evans,sarah10@example.com,North,2024-06-22
40,Kristine Garcia,williamanderson@example.com,North,2024-12-07
41,Sherry Wood,samueldaniels@example.com,South,2024-09-05
42,Victoria Valdez,contrerasangela@example.net,West,2024-05-14
43,Shawn Baker,newtoneric@example.com,South,2024-12-29
44,Michelle Harris,william40@example.org,East,2024-06-24
45,Sandra Williams,kellie42@example.net,South,2024-11-03
46,Michael Hoffman,jonesnicole@example.org,East,2024-07-12
47,Sandra Aguilar,russellwilliams@example.com,West,2024-10-09
48,Rebecca Valencia,jason31@example.com,North,2024-11-18
49,Stacey Russell,sarayoung@example.org,East,2024-05-03
50,Rita Keith,whitesandra@example.com,North,2024-07-22
51,Sharon Cochran,erik16@example.org,North,2024-07-27
52,Courtney Velasquez,ybailey@example.org,North,2024-09-17
53,Matthew Ross,michelle45@example.net,West,2024-08-21
54,Meghan Anthony,sheila14@example.org,West,2024-06-07
55,Victoria Johnson,yreed@example.com,West,2024-11-29
56,William Wilson,jonathanfletcher@example.org,West,2024-05-20
57,Renee Mcdaniel,michaeljones@example.net,West,2024-10-28
58,Lisa Alvarado,cortezkevin@example.com,North,2024-04-28
59,Erika Terry,jamesortega@example.com,South,2024-05-26
60,Stephanie Gilbert,richard04@example.com,South,2024-11-16
61,Richard Lawson,steven73@example.net,West,2024-08-21
62,Steven Flynn,donnacampbell@example.net,West,2024-05-09
63,Frances Cardenas,emilywalker@example.org,North,2024-05-21
64,Angel Riggs,gibsonolivia@example.net,North,2024-04-08
65,Michael Snyder,dylanwatts@example.org,South,2024-07-31
66,Colleen Brock,pwilliams@example.org,South,2024-12-03
67,Robert Contreras,stephanie79@example.net,South,2024-05-01
68,Jessica Meadows,vmerritt@example.com,East,2024-10-17
69,Paul Larsen,katie87@example.net,East,2024-11-19
70,Jeremiah Reeves,josephflores@example.net,South,2024-12-06
71,Chris Reyes,jasminebrown@example.com,North,2024-07-21
72,John Brown,xprice@example.net,East,2024-05-02
73,Alicia Gilmore,wwoods@example.com,South,2024-12-14
74,Sarah Ashley,vmedina@example.net,North,2024-07-05
75,Stephanie Freeman,ryan06@example.com,West,2024-07-30
76,Rebecca Ramsey,ncalhoun@example.net,North,2024-04-21
77,James Elliott,millerroy@example.com,East,2024-12-24
78,David Murphy,wmurphy@example.com,East,2024-07-14
79,Trevor Fisher,ruizkaitlyn@example.org,South,2024-10-20
80,Mrs. Marie Harrington DDS,herringjames@example.org,West,2024-09-01
81,Cynthia Wells,elliottjeffery@example.net,North,2024-05-08
82,Jacob Obrien,stricklandfrank@example.com,North,2024-05-22
83,Alexander Collins,tsanders@example.org,East,2024-12-16
84,Michael Burton,terrykevin@example.net,South,2024-05-06
85,Barbara Riggs,reedross@example.com,West,2024-06-20
86,Matthew Smith,gshort@example.com,North,2024-09-02
87,Madison Poole,ryangross@example.net,North,2024-09-01
88,Robert Medina,umarshall@example.net,East,2024-06-08
89,Samuel Rivas,ramirezshannon@example.com,East,2024-06-19
90,Mary Rogers,lrosales@example.com,East,2024-07-17
91,Robert Peterson,angela83@example.org,West,2024-08-14
92,Jason Peters,hannahbrewer@example.com,North,2024-04-27
93,Alan Phillips,tholt@example.net,North,2024-08-20
94,Kara Schmidt,jbarajas@example.com,South,2024-08-13
95,Jesse Parker,davidlee@example.org,North,2024-11-05
96,Tiffany Vaughn,javierwashington@example.net,North,2024-06-16
97,Paige Carlson,wallkenneth@example.com,West,2024-06-15
98,Adrian Ferguson,brandon08@example.com,East,2024-04-21
99,Beth Oneill,agarcia@example.net,North,2024-08-06
100,John Peterson,kingmichelle@example.org,South,2024-10-26
101,Jennifer Jones,hernandezlisa@example.com,South,2024-07-31
102,David Grant,yobrien@example.net,West,2024-06-30
103,Joseph Hayes,levans@example.com,West,2024-09-18
104,Marc Lynch,mezajared@example.org,East,2024-08-06
105,Brad Allen,moorericky@example.net,West,2024-05-26
106,Doris Hall,jacqueline71@example.net,South,2024-11-27
107,Dennis Moody,ronaldstephens@example.net,East,2024-11-22
108,Derek Thomas,martinkyle@example.net,South,2024-07-26
109,Tammy Gonzales,sbarker@example.com,East,2024-09-16
110,Kathryn Snyder,georgepamela@example.net,East,2024-08-21
111,David Davis,keyemily@example.com,East,2024-10-22
112,Pamela Thompson,lmoon@example.net,East,2024-05-30
113,Robert Costa,vbailey@example.com,North,2024-08-14
114,Shannon Rivera,zroberts@example.net,West,2024-09-08
115,Brandon King,cordovarichard@example.net,North,2024-12-18
116,April Booth,mgutierrez@example.net,East,2024-07-07
117,Peter Garrett,harrisandrea@example.com,South,2024-12-23
118,Michael Martinez,jennifercollins@example.org,East,2024-05-06
119,Anna Gay,murraydavid@example.org,East,2024-06-03
120,Dr. Jordan Hill PhD,jsanchez@example.org,East,2024-10-27
121,Thomas Romero,michellehill@example.com,South,2024-08-30
122,Richard Adams,campbellkenneth@example.net,South,2024-10-12
123,Mary Grimes,wryan@example.com,West,2024-09-02
124,Kimberly Gibson,molly39@example.com,East,2024-04-01
125,Reginald Williams,zthornton@example.com,East,2024-11-07
126,Matthew Hoover,tylerjohnson@example.net,South,2024-11-13
127,Evelyn Garcia,dgarcia@example.org,North,2024-06-26
128,Jennifer Pena,charlesharrington@example.com,North,2024-09-19
129,Michael Santos,melissa86@example.com,East,2024-07-30
130,Stacy Freeman,williamsonjimmy@example.net,South,2024-07-11
131,Yolanda Francis,wgood@example.net,West,2024-05-08
132,Ashlee Jackson,rebecca05@example.org,West,2024-07-09
133,James Thomas,yknight@example.org,South,2024-08-03
134,Bob Pitts,tyleraguilar@example.org,North,2024-04-03
135,David Scott,nolansteven@example.com,South,2024-07-22
136,Brooke Alexander,vanessa46@example.net,West,2024-12-22
137,Ryan Gonzalez,gcastaneda@example.org,West,2024-06-02
138,Ian Phillips,andrew64@example.org,East,2024-12-28
139,Melissa Garner,lozanojulie@example.com,West,2024-11-13
140,Crystal Pham,danaoliver@example.net,South,2024-11-15
141,Patricia Becker,courtneyberger@example.net,West,2024-11-30
142,Richard Johnson,jessica14@example.com,East,2024-08-05
143,Casey Anderson,alyssa42@example.com,West,2024-12-23
144,Terry Coffey,julie51@example.com,West,2024-08-19
145,Brenda Levy,zcoffey@example.net,East,2024-08-18
146,Richard Smith,gibsonemily@example.net,South,2024-05-12
147,James Little,daniel37@example.org,South,2024-10-14
148,Terri Murphy,deborahreid@example.com,West,2024-05-03
149,Elizabeth Ortiz,brandonjohnson@example.com,West,2024-11-25
150,David Medina,qchavez@example.net,West,2024-04-11
151,Kimberly Matthews,nicolepena@example.com,East,2024-09-28
152,Teresa Ramirez,jeff73@example.com,South,2024-11-01
153,Michael Stephens,bruce43@example.org,West,2024-08-18
154,Samantha Davis,darleneharper@example.org,East,2024-10-17
155,Gavin Zhang,caseyhubbard@example.org,South,2024-10-25
156,Robin Hall,kristinacarlson@example.com,North,2024-06-05
157,Brianna Anderson,lauren10@example.org,North,2024-04-14
158,Richard Young,alfred40@example.org,West,2024-06-09
159,Kelly Reese,xwest@example.net,West,2024-08-12
160,Jodi Walker,acostaregina@example.net,East,2024-11-19
161,Judith Maynard,lutzmelanie@example.com,East,2024-10-12
162,Katherine Browning,lammarc@example.org,East,2024-11-02
163,Donald Schultz,oscar98@example.com,North,2024-11-27
164,Larry Garcia,farrelldebra@example.net,East,2024-04-27
165,Cindy Hayes,robertwilcox@example.com,North,2024-05-06
166,Brandon Simmons,nicholas27@example.org,South,2024-08-05
167,Bradley Reynolds,lisa80@example.net,South,2024-06-18
168,Kristina Santiago,qgomez@example.com,West,2024-07-21
169,Michelle Schmitt,michael98@example.org,South,2024-10-06
170,John Boone,megan51@example.com,South,2024-05-29
171,Renee Bruce,lynchdiane@example.net,North,2024-05-26
172,Christopher Park,sandra50@example.org,West,2024-10-10
173,Kylie Morales,joycebonilla@example.org,North,2024-07-11
174,Cindy Barnes,eric45@example.net,North,2024-08-03
175,Sophia Moore,craigjoseph@example.net,North,2024-09-02
176,Lawrence Perry,kariwilson@example.com,East,2024-04-22
177,Michael Watkins,brandon69@example.org,North,2024-10-07
178,Eric Clark,kathrynroberts@example.org,North,2024-09-22
179,Paul Thompson,opatel@example.net,North,2024-12-07
180,Mary Gomez,chensley@example.com,West,2024-10-03
181,Thomas Atkins,tberry@example.net,South,2024-11-09
182,Brian Smith,george97@example.net,West,2024-08-17
183,Anita Richard,ryanmorales@example.org,East,2024-08-16
184,Eric Morgan,kimberly18@example.net,East,2024-05-15
185,Jordan Bullock,michael23@example.org,West,2024-08-03
186,Craig Morrison,thompsonkendra@example.com,East,2024-10-12
187,Justin Riley,michelle52@example.com,South,2024-12-06
188,Jeremy Turner,brittany58@example.org,East,2024-08-11
189,Jesse Brown,chase19@example.net,North,2024-08-20
190,Julie Spencer,colelisa@example.net,North,2024-07-07
191,Larry Mason,hayeslisa@example.com,West,2024-10-26
192,Mrs. Maria Williams,hritter@example.net,West,2024-08-02
193,Helen Hardin,vortiz@example.net,West,2024-12-08
194,Rachel Holland,riveraangela@example.com,East,2024-05-18
195,Nathaniel Douglas,mathewaguilar@example.org,East,2024-08-03
196,Emily Douglas,tanderson@example.org,West,2024-10-06
197,James Conner,elizabethcalderon@example.net,West,2024-09-24
198,Susan Davis DDS,andrew42@example.org,East,2024-09-17
199,Ralph Lee,ericphillips@example.org,East,2024-08-17
200,Kimberly Rodgers,stanleynancy@example.net,South,2024-06-01
201,James Martin,jenniferwilliams@example.com,South,2024-07-04
202,Cynthia Wallace,karen73@example.net,East,2024-12-04
203,Vincent Mueller,michealvalentine@example.com,East,2024-12-25
204,Douglas Reyes,mburch@example.net,East,2024-07-09
205,David Davidson,angela18@example.org,East,2024-07-01
206,Phillip Nelson,mariahdavis@example.org,North,2024-08-19
207,Stacey Arias,gbrown@example.com,South,2024-08-28
208,Zachary Brooks,florescory@example.net,North,2024-12-08
209,Raven Taylor,samantha72@example.net,West,2024-08-24
210,Luis Bullock,scottmary@example.net,South,2024-09-22
211,Lisa Henderson,john10@example.org,West,2024-08-08
212,Riley Bryant,copelandvincent@example.net,North,2024-12-08
213,Jose Allen,kellysmith@example.com,South,2024-04-28
214,Jason Beck,millsmichael@example.net,South,2024-05-14
215,Rachel Romero,myerstheodore@example.net,West,2024-07-25
216,James Burgess,kristina53@example.net,East,2024-11-13
217,Ashley Perkins,dennis58@example.com,East,2024-11-06
218,Carrie Maxwell,epollard@example.net,North,2024-05-01
219,Chad Baldwin,mjohnson@example.org,South,2024-07-16
220,Stacey Stewart,zachary87@example.com,South,2024-05-12
221,Matthew Mitchell,glennmartin@example.org,South,2024-05-09
222,Jessica Ross,ykline@example.com,East,2024-11-27
223,Kathleen Jimenez,laurie61@example.com,West,2024-08-23
224,Samantha Gardner,curtis54@example.com,South,2024-08-14
225,Mitchell Jackson,cbell@example.net,South,2024-07-25
226,Heather Bolton,danielle01@example.net,North,2024-06-12
227,Heidi Owen,stephaniethomas@example.net,West,2024-08-26
228,Jessica Martinez,kimberlydiaz@example.com,East,2024-10-24
229,Amanda Hernandez,xrush@example.com,West,2024-12-09
230,Laura Moreno,redwards@example.org,East,2024-11-08
231,Allison Lopez,hmcintyre@example.com,North,2024-04-14
232,Michele Lewis,heather73@example.org,East,2024-04-11
233,Benjamin Thompson,zosborn@example.net,West,2024-06-29
234,Victoria Contreras,piercekelly@example.com,East,2024-11-13
235,Michelle Ho,laurahicks@example.org,West,2024-11-10
236,Dr. Cynthia Snyder,angela57@example.net,East,2024-11-27
237,Stephen Jones,ukey@example.com,North,2024-09-12
238,Patricia Morrow,martinezlogan@example.org,West,2024-09-16
239,Michael Cooper,katrinaanderson@example.net,West,2024-08-26
240,Amy Martinez,kevinmartin@example.net,West,2024-04-19
241,Travis Stone,meghan43@example.net,West,2024-05-30
242,Denise Weber,shawgary@example.net,West,2024-04-01
243,Matthew Le,megan90@example.org,East,2024-07-06
244,Travis Wise,debra96@example.net,West,2024-12-12
245,Kathleen Burton,dawn47@example.org,East,2024-07-14
246,Melinda Evans,barkereric@example.com,West,2024-08-26
247,Mr. Lawrence Edwards,jessica56@example.org,North,2024-12-05
248,Kayla Rodriguez,stevenadams@example.org,South,2024-08-01
249,Anthony Dougherty,kwright@example.com,West,2024-04-08
250,Michelle Lee,tyronerobertson@example.com,South,2024-05-31
251,Kathleen Davis,pwagner@example.org,East,2024-08-28
252,Amber Campbell,amitchell@example.org,West,2024-12-04
253,Stephen Luna,zdiaz@example.org,West,2024-06-14
254,Chloe Tran,hughesshannon@example.net,South,2024-12-17
255,William Becker,andersoncolin@example.com,West,2024-08-20
256,Gina Mcmillan,jameshicks@example.net,East,2024-12-16
257,Andrew Reeves,jstone@example.net,East,2024-08-23
258,Brenda Velazquez,francisco94@example.net,South,2024-12-07
259,Ronald Patel,thomas05@example.com,East,2024-12-04
260,Veronica Silva,carlsonjoseph@example.net,West,2024-10-11
261,Paula Lane,silvageorge@example.net,South,2024-07-06
262,Patricia James,anthonyvaughan@example.org,West,2024-07-29
263,Jeremy Barnes,avaughn@example.net,West,2024-10-13
264,Tami Salas,thorntonapril@example.net,West,2024-06-17
265,Matthew Fox,sue78@example.com,East,2024-06-04
266,Megan Dillon,chelsea33@example.com,North,2024-11-12
267,Courtney Dudley,kellie37@example.com,North,2024-11-20
268,Justin Michael,keith98@example.com,South,2024-10-27
269,Jennifer Reed,kellyroberts@example.net,North,2024-10-21
270,Thomas Douglas,ilewis@example.com,West,2024-12-30
271,Melissa Taylor,johnsantiago@example.net,North,2024-12-06
272,David Garcia,jennifer12@example.org,East,2024-07-30
273,Vanessa Moore,mwoods@example.com,West,2024-05-17
274,Matthew Velez,pearsonjesse@example.net,West,2024-05-22
275,Taylor Gentry,robertmonroe@example.org,North,2024-09-01
276,Jennifer Simpson DVM,nancy04@example.net,East,2024-10-01
277,Tanya Rogers,ihays@example.net,West,2024-08-04
278,Todd Rosales MD,lisarivera@example.net,South,2024-07-02
279,David Lopez,krystal93@example.org,South,2024-10-13
280,Margaret Sullivan,frobertson@example.com,South,2024-06-13
281,Cathy Taylor,shari04@example.com,West,2024-08-09
282,Paul Finley,brandi90@example.com,West,2024-04-05
283,Melissa Brown,marshallerik@example.net,North,2024-06-20
284,Stephanie Padilla,hannah45@example.net,East,2024-09-24
285,Tyler Mendoza,madkins@example.com,East,2024-11-04
286,Joshua Ruiz,kathleenbecker@example.net,South,2024-09-02
287,Angela Griffin,christian91@example.org,North,2024-12-04
288,Stephanie Harris,franklinbond@example.com,East,2024-10-01
289,Daniel Aguilar,nolansean@example.org,North,2024-08-30
290,Jose Bryant,hansenemily@example.com,East,2024-10-20
291,Jennifer Velasquez,bethwilliams@example.com,West,2024-04-26
292,Kimberly Brown,andersenthomas@example.com,South,2024-08-25
293,Randy Cannon,ybrooks@example.com,South,2024-09-28
294,Susan Bennett,desireebailey@example.org,South,2024-08-07
295,Jenna Anderson DVM,avilatiffany@example.com,East,2024-04-21
296,Kimberly Patel,johnreed@example.com,East,2024-04-18
297,Shaun Cannon,pachecorobert@example.org,East,2024-05-17
298,Austin Wheeler,tharper@example.org,South,2024-10-30
299,Andrew Gonzales,karenparsons@example.org,East,2024-10-05
300,Donna Cabrera,barbara53@example.com,West,2024-08-10
